City_ID,City,Country,Date,Lat,Lng,Max Temp,Humidity,Cloudiness,Wind Speed
0,Mataura,NZ,2021-07-25 20:15:23,-46.1927,168.8643,46.47,92,100,3.38
1,Cherskiy,RU,2021-07-25 20:15:23,68.75,161.3,45.93,63,23,7.2
2,Albany,US,2021-07-25 20:12:11,42.6001,-73.9662,84.25,73,60,1.99
3,Pokaran,IN,2021-07-25 20:15:24,26.9167,71.9167,87.55,69,100,21.97
4,Busselton,AU,2021-07-25 20:15:24,-33.65,115.3333,58.08,65,8,20.58
5,Yellowknife,CA,2021-07-25 20:10:57,62.456,-114.3525,64.33,51,56,1.01
6,Hobart,AU,2021-07-25 20:14:45,-42.8794,147.3294,43.05,71,40,1.01
7,Rikitea,PF,2021-07-25 20:15:25,-23.1203,-134.9692,70.65,67,38,6.42
8,Montepuez,MZ,2021-07-25 20:15:25,-13.1256,38.9997,63.57,58,12,10.51
9,Gat,IL,2021-07-25 20:15:26,31.61,34.7642,82.81,78,1,7.27
10,Port Alfred,ZA,2021-07-25 20:15:26,-33.5906,26.891,61.18,43,58,11.21
11,Carnarvon,AU,2021-07-25 20:15:27,-24.8667,113.6333,62.87,74,0,5.03
12,Puerto Ayora,EC,2021-07-25 20:15:27,-0.7393,-90.3518,74.55,85,35,5.01
13,Fereydun Kenar,IR,2021-07-25 20:15:28,36.6864,52.5225,80.91,76,28,8.48
14,Umm Kaddadah,SD,2021-07-25 20:15:28,13.6017,26.6876,88.63,43,94,18.1
15,Marfino,RU,2021-07-25 20:15:29,55.7028,37.3822,66.87,72,0,4.47
16,Lata,PT,2021-07-25 20:15:29,40.1629,-8.3327,72.05,96,57,4.88
17,New Norfolk,AU,2021-07-25 20:15:30,-42.7826,147.0587,42.71,68,47,4.0
18,Ust-Nera,RU,2021-07-25 20:15:30,64.5667,143.2,50.34,97,100,7.34
19,Batsfjord,NO,2021-07-25 20:15:31,70.6345,29.7185,46.62,93,75,18.41
20,Nishihara,JP,2021-07-25 20:15:31,26.1842,127.7558,80.26,94,75,11.5
21,Chokurdakh,RU,2021-07-25 20:15:31,70.6333,147.9167,41.11,67,1,9.71
22,Cape Town,ZA,2021-07-25 20:11:37,-33.9258,18.4232,62.11,53,0,3.44
23,Kavieng,PG,2021-07-25 20:15:32,-2.5744,150.7967,81.0,76,93,3.51
24,Salym,RU,2021-07-25 20:15:32,60.0625,71.4789,54.0,91,100,8.3
25,Fairbanks,US,2021-07-25 20:10:46,64.8378,-147.7164,66.09,59,75,5.75
26,Baherden,TM,2021-07-25 20:15:33,38.4362,57.4316,95.22,29,0,8.57
27,Yumen,CN,2021-07-25 20:15:34,40.2833,97.2,76.3,33,4,10.07
28,Manokwari,ID,2021-07-25 20:15:34,-0.8667,134.0833,78.22,75,97,4.05
29,Kapaa,US,2021-07-25 20:15:34,22.0752,-159.319,82.72,79,75,1.99
30,Terney,RU,2021-07-25 20:15:35,45.0503,136.6092,69.73,92,100,3.69
31,Gorgan,IR,2021-07-25 20:15:35,36.8387,54.4348,82.36,79,75,4.61
32,Avera,US,2021-07-25 20:15:36,33.194,-82.5271,91.45,50,84,4.41
33,Sitka,US,2021-07-25 20:15:36,57.0531,-135.33,57.09,77,75,5.75
34,Butaritari,KI,2021-07-25 20:15:36,3.0707,172.7902,82.08,74,92,11.12
35,Marsh Harbour,BS,2021-07-25 20:15:37,26.5412,-77.0636,83.75,71,98,10.87
36,Victoria,HK,2021-07-25 20:10:38,22.2855,114.1577,86.38,86,16,1.01
37,Chuy,UY,2021-07-25 20:15:37,-33.6971,-53.4616,66.07,85,1,5.59
38,Prado,BR,2021-07-25 20:15:38,-17.3411,-39.2208,71.96,73,9,9.19
39,Cabo San Lucas,MX,2021-07-25 20:12:00,22.8909,-109.9124,97.81,55,1,9.22
40,Sur,OM,2021-07-25 20:15:38,22.5667,59.5289,93.49,52,55,12.82
41,Carutapera,BR,2021-07-25 20:13:29,-1.195,-46.02,81.16,73,99,8.19
42,Bredasdorp,ZA,2021-07-25 20:13:50,-34.5322,20.0403,52.32,51,100,4.68
43,Kang,BW,2021-07-25 20:15:39,-23.6752,22.7876,46.71,42,0,8.46
44,Marabba,SD,2021-07-25 20:15:40,12.35,32.1833,74.77,85,91,13.47
45,Santa Rosa,PH,2021-07-25 20:15:40,14.3122,121.1114,82.11,85,100,16.02
46,El Tejar,GT,2021-07-25 20:15:40,14.6478,-90.7928,79.2,57,26,3.49
47,Punta Arenas,CL,2021-07-25 20:15:41,-53.15,-70.9167,41.11,60,0,14.97
48,San Patricio,US,2021-07-25 20:15:41,28.017,-97.5169,95.72,42,0,13.87
49,Manawar,IN,2021-07-25 20:15:42,22.2333,75.0833,76.06,96,100,8.08
50,Altay,CN,2021-07-25 20:15:42,47.8667,88.1167,66.52,56,89,4.09
51,Saint George,US,2021-07-25 20:15:42,37.1041,-113.5841,96.8,34,1,1.01
52,Ushuaia,AR,2021-07-25 20:15:43,-54.8,-68.3,37.06,75,40,20.71
53,Quartucciu,IT,2021-07-25 20:15:43,39.2519,9.1794,81.03,78,0,6.91
54,Lubbock,US,2021-07-25 20:14:34,33.6001,-101.8338,98.15,32,40,1.99
55,Santa Maria,BR,2021-07-25 20:15:44,-29.6842,-53.8069,83.5,37,40,9.22
56,San Vicente,AR,2021-07-25 20:15:44,-26.6167,-54.1333,78.44,37,25,5.32
57,Tarauaca,BR,2021-07-25 20:11:41,-8.1614,-70.7656,85.1,59,96,2.51
58,Paramonga,PE,2021-07-25 20:15:45,-10.6667,-77.8333,68.31,71,23,8.28
59,Hilo,US,2021-07-25 20:15:46,19.7297,-155.09,82.62,85,40,0.0
60,Lasa,IT,2021-07-25 20:11:13,46.6166,10.7002,62.02,89,67,2.28
61,Severo-Kurilsk,RU,2021-07-25 20:15:46,50.6789,156.125,55.06,97,86,3.8
62,Kaitangata,NZ,2021-07-25 20:15:47,-46.2817,169.8464,48.92,71,100,3.02
63,Port Elizabeth,ZA,2021-07-25 20:12:52,-33.918,25.5701,52.09,82,40,5.75
64,High Level,CA,2021-07-25 20:15:48,58.5169,-117.136,68.11,64,40,5.75
65,Pilar,BR,2021-07-25 20:15:48,-9.5972,-35.9567,71.53,91,24,7.65
66,Paita,PE,2021-07-25 20:15:48,-5.0892,-81.1144,75.76,74,19,18.16
67,Ouro Preto,BR,2021-07-25 20:15:49,-20.3948,-43.5052,64.09,42,0,5.03
68,Usinsk,RU,2021-07-25 20:15:49,65.9939,57.5281,46.35,93,100,10.16
69,Arroyos Y Esteros,PY,2021-07-25 20:15:50,-25.0667,-57.1,87.55,25,84,8.37
70,Barrow,US,2021-07-25 20:15:51,71.2906,-156.7887,44.62,92,90,12.66
71,Tasiilaq,GL,2021-07-25 20:15:51,65.6145,-37.6368,48.36,85,50,5.26
72,Margate,GB,2021-07-25 20:14:33,51.3813,1.3862,65.7,86,45,1.99
73,Ko Samui,TH,2021-07-25 20:15:52,9.5357,99.9357,83.32,74,100,16.26
74,El Alto,PE,2021-07-25 20:15:52,-4.2714,-81.2147,73.06,75,31,15.88
75,Bronnitsy,RU,2021-07-25 20:15:53,55.4194,38.2708,67.48,72,0,2.24
76,Mount Isa,AU,2021-07-25 20:15:53,-20.7333,139.5,51.57,43,15,8.05
77,Bah,IN,2021-07-25 20:15:53,26.87,78.5975,87.64,66,99,7.38
78,Porto Novo,BJ,2021-07-25 20:12:06,6.4965,2.6036,76.01,76,8,8.9
79,Tinos,GR,2021-07-25 20:15:54,37.5375,25.1634,79.56,61,0,21.85
80,Nyurba,RU,2021-07-25 20:15:54,63.2842,118.3319,61.99,76,6,4.88
81,Eyl,SO,2021-07-25 20:15:55,7.9803,49.8164,77.2,70,4,21.63
82,Vagur,FO,2021-07-25 20:15:55,61.4732,-6.8119,52.63,93,100,6.42
83,Tonj,SS,2021-07-25 20:15:56,7.2737,28.6822,70.77,96,100,6.06
84,Ribeira Grande,PT,2021-07-25 20:15:56,38.5167,-28.7,73.8,78,20,16.11
85,Lenoir City,US,2021-07-25 20:15:57,35.7973,-84.256,93.94,65,24,1.01
86,Pangnirtung,CA,2021-07-25 20:15:57,66.1451,-65.7125,46.4,100,90,10.36
87,Hermanus,ZA,2021-07-25 20:15:57,-34.4187,19.2345,61.9,53,100,9.73
88,Longyan,CN,2021-07-25 20:15:58,25.1072,117.0225,72.32,93,65,3.58
89,Bilibino,RU,2021-07-25 20:15:58,68.0546,166.4372,48.81,67,42,4.0
90,Zachepylivka,UA,2021-07-25 20:15:59,49.1939,35.2394,68.99,58,3,8.3
91,Dikson,RU,2021-07-25 20:15:59,73.5069,80.5464,39.42,85,100,14.88
92,Christchurch,NZ,2021-07-25 20:15:59,-43.5333,172.6333,53.01,82,100,11.01
93,Kenai,US,2021-07-25 20:16:00,60.5544,-151.2583,65.03,68,90,13.8
94,Krasnaya Gora,RU,2021-07-25 20:16:00,52.9995,31.6023,67.91,81,81,7.87
95,Castro,BR,2021-07-25 20:13:47,-24.7911,-50.0119,65.03,61,2,3.85
96,Clyde River,CA,2021-07-25 20:14:15,70.4692,-68.5914,34.0,97,100,4.05
97,Bundi,IN,2021-07-25 20:16:01,25.4417,75.6417,84.78,75,100,6.13
98,Tulum,MX,2021-07-25 20:16:01,20.2167,-87.4667,91.45,53,69,9.24
99,Bathsheba,BB,2021-07-25 20:16:02,13.2167,-59.5167,84.81,79,20,11.5
100,Yulara,AU,2021-07-25 20:16:02,-25.2406,130.9889,46.24,61,5,5.75
101,Morondava,MG,2021-07-25 20:16:03,-20.2833,44.2833,70.95,55,33,16.37
102,Ayia Galini,GR,2021-07-25 20:16:03,35.1,24.6833,78.75,49,4,1.99
103,Pangai,TO,2021-07-25 20:14:00,-19.8,-174.35,76.82,83,22,4.41
104,Thompson,CA,2021-07-25 20:16:04,55.7435,-97.8558,62.76,42,20,10.36
105,Jamestown,US,2021-07-25 20:13:32,42.097,-79.2353,86.29,56,20,1.99
106,Ponta Delgada,PT,2021-07-25 20:16:04,37.7333,-25.6667,72.32,78,40,6.91
107,East London,ZA,2021-07-25 20:13:47,-33.0153,27.9116,59.49,46,4,7.78
108,Saldanha,ZA,2021-07-25 20:16:05,-33.0117,17.9442,53.65,50,100,12.41
109,Bandarbeyla,SO,2021-07-25 20:16:05,9.4942,50.8122,76.3,79,0,26.19
110,Coahuayana,MX,2021-07-25 20:11:50,18.7333,-103.6833,90.88,64,72,6.02
111,Palmer,US,2021-07-25 20:16:06,42.1584,-72.3287,77.47,78,100,1.01
112,Havre-Saint-Pierre,CA,2021-07-25 20:16:06,50.2334,-63.5986,73.76,60,1,13.8
113,Uthal,PK,2021-07-25 20:16:07,25.8072,66.6219,82.99,82,95,10.13
114,Selikhino,RU,2021-07-25 20:16:07,50.3672,137.4996,73.18,87,100,6.24
115,Mareeba,AU,2021-07-25 20:16:08,-17.0,145.4333,59.72,85,100,2.28
116,Longyearbyen,SJ,2021-07-25 20:16:06,78.2186,15.6401,44.44,87,75,11.5
117,Nisia Floresta,BR,2021-07-25 20:16:08,-6.0911,-35.2086,80.98,71,9,11.79
118,Sari,IR,2021-07-25 20:16:09,36.5633,53.0601,80.19,89,75,4.61
119,Faanui,PF,2021-07-25 20:16:09,-16.4833,-151.75,78.01,66,0,12.86
120,Atuona,PF,2021-07-25 20:16:10,-9.8,-139.0333,77.97,69,68,22.95
121,Constitucion,CL,2021-07-25 20:16:10,-35.3333,-72.4167,53.65,86,26,9.13
122,Askiz,RU,2021-07-25 20:16:11,53.1319,90.5264,61.0,92,42,5.59
123,Tuktoyaktuk,CA,2021-07-25 20:16:11,69.4541,-133.0374,48.2,93,90,17.27
124,Merritt,CA,2021-07-25 20:15:17,50.1123,-120.7942,85.39,27,0,9.78
125,Codrington,AU,2021-07-25 20:13:52,-38.2667,141.9667,50.04,94,73,14.32
126,Walvis Bay,NA,2021-07-25 20:14:44,-22.9575,14.5053,71.15,29,30,8.12
127,West Milford,US,2021-07-25 20:12:52,41.1312,-74.3674,85.06,76,91,7.4
128,General Roca,AR,2021-07-25 20:16:12,-39.0333,-67.5833,55.8,45,76,18.01
129,Adrar,MR,2021-07-25 20:16:13,20.5022,-10.0711,100.99,7,17,8.79
130,Arraial Do Cabo,BR,2021-07-25 20:16:13,-22.9661,-42.0278,73.36,68,0,18.41
131,Taltal,CL,2021-07-25 20:16:13,-25.4,-70.4833,60.76,71,24,5.26
132,Sao Filipe,CV,2021-07-25 20:16:13,14.8961,-24.4956,74.35,75,77,9.51
133,Bud,US,2021-07-25 20:15:31,39.447,-86.1758,88.21,74,35,3.22
134,Wajima,JP,2021-07-25 20:11:15,37.4,136.9,78.21,82,0,3.13
135,Rudnyy,KZ,2021-07-25 20:16:14,52.9594,63.1206,56.98,83,3,7.47
136,Miandrivazo,MG,2021-07-25 20:16:15,-19.5167,45.4667,72.77,49,57,5.64
137,Vanimo,PG,2021-07-25 20:16:15,-2.6741,141.3028,75.42,81,100,2.59
138,Provideniya,RU,2021-07-25 20:16:16,64.3833,-173.3,46.51,100,90,6.71
139,Bluff,NZ,2021-07-25 20:15:57,-46.6,168.3333,46.8,87,100,4.81
140,Sandakan,MY,2021-07-25 20:16:16,5.8402,118.1179,76.68,88,20,0.0
141,Luis Correia,BR,2021-07-25 20:16:17,-2.8792,-41.6669,87.8,51,75,9.22
142,Bindura,ZW,2021-07-25 20:16:17,-17.3019,31.3306,47.07,73,15,3.06
143,Sajkas,RS,2021-07-25 20:16:18,45.2722,20.0897,82.62,79,97,10.25
144,Nagai,JP,2021-07-25 20:16:18,38.1036,140.035,69.58,98,27,1.25
145,Bambous Virieux,MU,2021-07-25 20:16:18,-20.3428,57.7575,70.05,64,20,11.5
146,Muroto,JP,2021-07-25 20:16:19,33.2833,134.15,77.4,85,95,9.89
147,Tezu,IN,2021-07-25 20:16:19,27.9167,96.1667,77.05,98,100,2.84
148,Sargur,IN,2021-07-25 20:16:20,11.9833,76.4167,69.89,89,96,8.68
149,Kjollefjord,NO,2021-07-25 20:16:20,70.9457,27.3465,46.45,81,75,11.5
150,Cidreira,BR,2021-07-25 20:16:20,-30.1811,-50.2056,68.14,67,0,10.83
151,Los Llanos De Aridane,ES,2021-07-25 20:16:21,28.6585,-17.9182,69.55,78,20,16.11
152,North Myrtle Beach,US,2021-07-25 20:16:21,33.816,-78.68,90.21,77,20,7.0
153,Dicabisagan,PH,2021-07-25 20:16:22,17.0818,122.4157,80.56,74,99,3.42
154,Kondinskoye,RU,2021-07-25 20:16:22,59.6481,67.41,52.86,63,100,11.43
155,Mahebourg,MU,2021-07-25 20:16:22,-20.4081,57.7,70.09,64,20,11.5
156,Iqaluit,CA,2021-07-25 20:16:23,63.7506,-68.5145,51.53,87,75,5.99
157,Ayan,RU,2021-07-25 20:16:23,56.45,138.1667,60.28,94,90,1.03
158,Kruisfontein,ZA,2021-07-25 20:16:24,-34.0033,24.7314,54.28,37,70,5.91
159,Tocopilla,CL,2021-07-25 20:16:24,-22.092,-70.1979,63.86,71,100,9.8
160,Taoudenni,ML,2021-07-25 20:16:25,22.6783,-3.9836,106.21,5,47,10.92
161,Saint-Joseph,RE,2021-07-25 20:16:25,-21.3667,55.6167,68.36,76,27,12.15
162,Bethel,US,2021-07-25 20:16:26,41.3712,-73.414,82.36,79,75,1.01
163,Pevek,RU,2021-07-25 20:16:26,69.7008,170.3133,34.88,91,100,8.63
164,Zelenoborskiy,RU,2021-07-25 20:16:27,66.845,32.3622,57.88,82,97,5.97
165,Igboho,NG,2021-07-25 20:16:27,8.8333,3.75,74.91,74,100,4.97
166,Port Hedland,AU,2021-07-25 20:16:27,-20.3167,118.5667,59.05,82,95,5.75
167,Lahaina,US,2021-07-25 20:16:28,20.8783,-156.6825,85.75,93,29,8.46
168,Aykhal,RU,2021-07-25 20:14:27,66.0,111.5,68.14,63,7,8.63
169,Terrace,CA,2021-07-25 20:16:28,54.5163,-128.6035,60.71,88,90,8.05
170,Areka,ET,2021-07-25 20:16:29,7.0667,37.7,56.53,91,100,2.24
171,Lokosovo,RU,2021-07-25 20:16:29,61.1333,74.8167,55.85,98,100,10.74
172,Ust-Kulom,RU,2021-07-25 20:16:30,61.6864,53.6902,54.43,71,96,6.2
173,Comodoro Rivadavia,AR,2021-07-25 20:13:51,-45.8667,-67.5,48.13,39,19,14.52
174,Vila Velha,BR,2021-07-25 20:12:43,-20.3297,-40.2925,73.35,64,40,9.22
175,Neka,IR,2021-07-25 20:16:30,36.6508,53.299,80.11,89,75,4.61
176,Wangou,CN,2021-07-25 20:16:31,42.0623,126.9127,66.24,92,89,2.71
177,Dong Hoi,VN,2021-07-25 20:16:32,17.4833,106.6,78.39,85,100,12.44
178,Pringsewu,ID,2021-07-25 20:16:32,-5.3582,104.9744,68.77,90,0,1.61
179,Mitsamiouli,KM,2021-07-25 20:16:33,-11.3847,43.2844,76.23,64,99,12.33
180,Namatanai,PG,2021-07-25 20:16:33,-3.6667,152.4333,78.44,84,95,1.72
181,Kodiak,US,2021-07-25 20:16:30,57.79,-152.4072,51.31,87,90,5.75
182,Vila Franca Do Campo,PT,2021-07-25 20:16:33,37.7167,-25.4333,72.01,83,44,7.27
183,Acari,PE,2021-07-25 20:16:34,-15.4311,-74.6158,70.02,61,35,8.1
184,Lesosibirsk,RU,2021-07-25 20:16:34,58.2358,92.4828,63.54,78,3,4.12
185,Bengkulu,ID,2021-07-25 20:16:35,-3.8004,102.2655,74.48,86,2,5.41
186,Vaini,TO,2021-07-25 20:16:05,-21.2,-175.2,75.47,83,71,4.83
187,Ust-Uda,RU,2021-07-25 20:16:35,54.1742,103.0304,59.61,67,97,1.97
188,Mar Del Plata,AR,2021-07-25 20:14:59,-38.0023,-57.5575,54.09,58,90,5.99
189,Brae,GB,2021-07-25 20:16:36,60.3964,-1.353,57.11,81,5,4.0
190,Basco,PH,2021-07-25 20:14:17,20.4487,121.9702,82.92,88,97,30.22
191,Kuytun,RU,2021-07-25 20:16:37,54.3419,101.5036,59.92,65,88,2.42
192,Komyshuvakha,UA,2021-07-25 20:16:37,47.7176,35.5288,76.14,56,61,8.23
193,Temyasovo,RU,2021-07-25 20:16:37,52.9933,58.1014,53.96,71,0,4.43
194,Waddan,LY,2021-07-25 20:16:38,29.1614,16.139,85.46,31,0,16.8
195,Malinyi,TZ,2021-07-25 20:16:38,-8.9333,36.1333,63.25,45,1,3.58
196,Rundu,NA,2021-07-25 20:16:39,-17.9333,19.7667,55.63,49,0,7.18
197,Jackson,US,2021-07-25 20:16:39,42.4165,-122.8345,92.43,33,1,6.91
198,Caravelas,BR,2021-07-25 20:16:40,-17.7125,-39.2481,71.06,71,29,7.83
199,Pochutla,MX,2021-07-25 20:16:40,15.7432,-96.4661,91.81,53,94,7.47
200,Teeli,RU,2021-07-25 20:16:41,51.0333,90.2333,59.18,75,99,2.26
201,Jurmala,LV,2021-07-25 20:16:41,56.968,23.7704,65.84,77,0,3.44
202,Ostrovnoy,RU,2021-07-25 20:16:42,68.0531,39.5131,45.79,90,100,16.26
203,Iwanai,JP,2021-07-25 20:16:27,42.9744,140.5089,68.29,96,34,5.77
204,Dingle,PH,2021-07-25 20:16:42,10.9995,122.6711,77.14,89,34,9.69
205,Avarua,CK,2021-07-25 20:13:37,-21.2078,-159.775,73.45,94,75,2.3
206,Mount Gambier,AU,2021-07-25 20:16:43,-37.8333,140.7667,49.91,100,75,10.36
207,Tomatlan,MX,2021-07-25 20:16:44,19.9333,-105.25,91.87,57,13,8.77
208,Darab,IR,2021-07-25 20:16:44,28.7519,54.5444,91.72,24,0,4.25
209,Turukhansk,RU,2021-07-25 20:16:45,65.8167,87.9833,63.48,76,19,5.41
210,Ginir,ET,2021-07-25 20:16:45,7.1333,40.7,58.23,66,98,12.86
211,Galle,LK,2021-07-25 20:16:46,6.0367,80.217,78.39,86,93,13.2
212,Mombetsu,JP,2021-07-25 20:16:46,44.3525,143.3525,69.85,95,6,3.65
213,Georgetown,MY,2021-07-25 20:16:46,5.4112,100.3354,83.89,85,20,2.3
214,Torbay,CA,2021-07-25 20:14:39,47.6666,-52.7314,65.28,88,100,1.01
215,Erdenet,MN,2021-07-25 20:16:47,49.0333,104.0833,52.79,82,32,5.93
216,Pak Phanang,TH,2021-07-25 20:16:47,8.3511,100.202,81.07,77,100,6.02
217,Oranjemund,NA,2021-07-25 20:15:27,-28.55,16.4333,66.18,23,100,5.97
218,Alofi,NU,2021-07-25 20:16:43,-19.0595,-169.9187,76.89,94,40,10.36
219,Namibe,AO,2021-07-25 20:16:48,-15.1961,12.1522,66.6,87,0,4.92
220,Camana,PE,2021-07-25 20:16:49,-16.6228,-72.7111,61.92,81,61,6.2
221,Hithadhoo,MV,2021-07-25 20:16:04,-0.6,73.0833,80.6,75,87,4.0
222,Bonavista,CA,2021-07-25 20:16:49,48.6499,-53.1147,62.6,84,23,12.08
223,Ust-Kut,RU,2021-07-25 20:16:50,56.7938,105.7672,59.47,74,15,2.26
224,Leningradskiy,RU,2021-07-25 20:16:50,69.3833,178.4167,37.8,90,100,4.65
225,Cockburn Town,TC,2021-07-25 20:16:50,21.4612,-71.1419,82.8,80,15,8.97
226,Fortuna,US,2021-07-25 20:16:51,40.5982,-124.1573,93.18,76,100,7.25
227,Masvingo,ZW,2021-07-25 20:16:51,-20.0637,30.8277,45.5,69,8,4.12
228,Boyolangu,ID,2021-07-25 20:16:52,-8.1181,111.8935,69.8,92,43,1.28
229,Lagoa,PT,2021-07-25 20:14:33,39.05,-27.9833,70.23,77,100,12.28
230,Saiha,IN,2021-07-25 20:16:52,22.4833,92.9667,70.84,98,99,2.33
231,Simao,CN,2021-07-25 20:16:12,22.7886,100.9748,64.67,100,100,0.11
232,Praia Da Vitoria,PT,2021-07-25 20:16:53,38.7333,-27.0667,73.76,94,75,11.81
233,Ewa Beach,US,2021-07-25 20:16:53,21.3156,-158.0072,87.75,56,75,12.66
234,Tilichiki,RU,2021-07-25 20:16:54,60.4667,166.1,53.22,98,100,4.14
235,Tupiza,BO,2021-07-25 20:16:54,-21.45,-65.7167,64.4,19,100,20.56
236,Pangkalanbuun,ID,2021-07-25 20:16:55,-2.6833,111.6167,72.45,92,1,2.24
237,Amapa,BR,2021-07-25 20:16:55,1.0,-52.0,81.27,83,98,2.19
238,Jiexiu,CN,2021-07-25 20:16:55,37.0244,111.9125,74.26,69,100,4.07
239,Orzhytsya,UA,2021-07-25 20:16:56,49.7918,32.7012,70.38,59,79,4.05
240,Souillac,MU,2021-07-25 20:16:56,-20.5167,57.5167,70.18,64,20,11.5
241,Nalut,LY,2021-07-25 20:16:09,30.3333,10.85,86.74,14,0,11.3
242,Klaksvik,FO,2021-07-25 20:16:57,62.2266,-6.589,52.72,94,100,10.04
243,Omsukchan,RU,2021-07-25 20:16:57,62.5333,155.8,50.86,99,100,6.42
244,Guerrero Negro,MX,2021-07-25 20:16:58,27.9769,-114.0611,78.66,56,85,11.68
245,Beziers,FR,2021-07-25 20:16:58,43.3476,3.219,79.88,50,0,6.91
246,Seymchan,RU,2021-07-25 20:16:58,62.8833,152.4333,57.92,95,100,6.91
247,Ponazyrevo,RU,2021-07-25 20:16:59,58.3578,46.3142,55.17,70,89,4.29
248,Mount Pleasant,US,2021-07-25 20:15:49,32.7941,-79.8626,89.1,72,20,1.99
249,Buje,HR,2021-07-25 20:17:00,45.41,13.6619,76.62,59,0,3.44
250,Saint-Denis,FR,2021-07-25 20:17:00,48.9167,2.3333,67.75,86,0,6.91
251,Clinton,US,2021-07-25 20:14:45,42.587,-82.9199,91.42,44,33,1.99
252,San Quintin,MX,2021-07-25 20:16:47,30.4833,-115.95,68.38,84,100,9.06
253,Grand Gaube,MU,2021-07-25 20:16:52,-20.0064,57.6608,70.2,62,8,5.99
254,Yanaul,RU,2021-07-25 20:17:01,56.2719,54.9309,56.07,57,85,4.36
255,Nauta,PE,2021-07-25 20:17:01,-4.5061,-73.5757,84.33,69,97,3.11
256,Senador Jose Porfirio,BR,2021-07-25 20:17:02,-2.5908,-51.9542,89.85,46,74,1.14
257,Upernavik,GL,2021-07-25 20:16:12,72.7868,-56.1549,41.25,81,12,13.24
258,Khasan,RU,2021-07-25 20:17:02,42.4308,130.6434,73.2,96,68,2.57
259,Salalah,OM,2021-07-25 20:14:21,17.0151,54.0924,78.89,89,75,8.05
260,Sangar,RU,2021-07-25 20:17:03,63.9242,127.4739,57.88,73,3,4.41
261,Shingu,JP,2021-07-25 20:17:04,33.7333,135.9833,73.9,80,0,4.85
262,Cuamba,MZ,2021-07-25 20:17:04,-14.8031,36.5372,58.32,71,5,7.92
263,Norman Wells,CA,2021-07-25 20:17:04,65.282,-126.8329,69.84,43,40,3.44
264,Pemangkat,ID,2021-07-25 20:13:37,1.1667,108.9667,80.26,84,45,8.34
265,Quelimane,MZ,2021-07-25 20:17:05,-17.8786,36.8883,64.35,88,75,8.05
266,Tabas,IR,2021-07-25 20:17:05,33.5959,56.9244,91.98,10,0,11.61
267,Nicoya,CR,2021-07-25 20:17:06,10.1483,-85.452,83.75,77,100,3.96
268,Snyder,US,2021-07-25 20:17:06,32.7179,-100.9176,100.74,30,1,4.61
269,Flin Flon,CA,2021-07-25 20:17:07,54.7682,-101.865,62.44,77,40,8.05
270,Cabedelo,BR,2021-07-25 20:17:07,-6.9811,-34.8339,74.07,79,2,13.69
271,Naze,JP,2021-07-25 20:17:07,28.3667,129.4833,77.86,88,100,16.15
272,La Ronge,CA,2021-07-25 20:16:39,55.1001,-105.2842,71.82,46,75,9.22
273,Veraval,IN,2021-07-25 20:17:08,20.9,70.3667,79.92,86,100,9.69
274,Cabatuan,PH,2021-07-25 20:17:08,10.8794,122.486,77.25,88,29,7.67
275,Manresa,ES,2021-07-25 20:17:09,41.725,1.8266,76.68,70,11,7.0
276,Astoria,US,2021-07-25 20:17:09,46.1879,-123.8313,81.09,77,1,3.0
277,Bulungu,CD,2021-07-25 20:17:10,-4.55,18.6,79.54,28,71,2.26
278,Luganville,VU,2021-07-25 20:17:10,-15.5333,167.1667,76.75,89,81,1.23
279,Ponta Do Sol,PT,2021-07-25 20:17:11,32.6667,-17.1,79.0,82,1,4.38
280,Panguna,PG,2021-07-25 20:17:11,-6.3164,155.4848,67.6,96,43,1.07
281,Tiarei,PF,2021-07-25 20:17:12,-17.5333,-149.3333,82.42,68,1,9.06
282,Borogontsy,RU,2021-07-25 20:17:12,62.6683,131.1683,56.61,70,3,3.94
283,Mancio Lima,BR,2021-07-25 20:17:12,-7.6142,-72.8958,91.47,55,75,5.75
284,Halifax,CA,2021-07-25 20:16:42,44.6453,-63.5724,75.09,63,65,5.01
285,Hofn,IS,2021-07-25 20:17:13,64.2539,-15.2082,52.02,94,100,19.93
286,Fort Nelson,CA,2021-07-25 20:17:00,58.8053,-122.7002,72.99,33,75,11.5
287,Jaca,ES,2021-07-25 20:17:14,42.569,-0.5499,70.0,60,75,4.94
288,Bethanien,NA,2021-07-25 20:17:14,-26.502,17.1583,57.34,26,87,10.92
289,Grants,US,2021-07-25 20:17:15,35.1473,-107.8514,70.03,60,90,12.66
290,Ballina,AU,2021-07-25 20:17:15,-28.8667,153.5667,46.78,63,0,6.62
291,Qaanaaq,GL,2021-07-25 20:17:15,77.484,-69.3632,40.53,71,80,5.68
292,Tevaitoa,PF,2021-07-25 20:17:16,-16.7833,-151.5,77.7,66,1,12.41
293,Lebu,CL,2021-07-25 20:16:37,-37.6167,-73.65,52.11,88,39,12.1
294,Jalu,LY,2021-07-25 20:16:43,29.0331,21.5482,86.72,25,0,9.66
295,Luderitz,NA,2021-07-25 20:17:04,-26.6481,15.1594,67.35,23,100,4.76
296,Khani,GE,2021-07-25 20:17:08,41.9563,42.9566,62.17,98,73,1.57
297,Salinas,US,2021-07-25 20:14:56,36.6777,-121.6555,85.98,59,1,13.8
298,Acapulco,MX,2021-07-25 20:16:08,16.8634,-99.8901,87.62,74,40,10.36
299,Kadoma,JP,2021-07-25 20:17:18,34.7333,135.5833,78.94,91,40,4.61
300,Port Pirie,AU,2021-07-25 20:17:18,-33.1833,138.0167,48.29,82,0,14.18
301,Saposoa,PE,2021-07-25 20:17:18,-6.934,-76.7716,88.41,40,21,4.0
302,Lalmohan,BD,2021-07-25 20:17:19,22.3384,90.7419,82.87,85,100,5.35
303,Oga,IT,2021-07-25 20:17:19,46.4631,10.347,55.69,87,78,3.38
304,Poplar Bluff,US,2021-07-25 20:13:46,36.757,-90.3929,96.39,59,1,3.0
305,Road Town,VG,2021-07-25 20:17:20,18.4167,-64.6167,84.2,82,94,15.57
306,Mopipi,BW,2021-07-25 20:17:20,-21.1833,24.8833,52.7,50,0,14.23
307,Mazagao,BR,2021-07-25 20:17:21,-0.115,-51.2894,93.25,53,97,3.53
308,Hamilton,US,2021-07-25 20:17:21,39.1834,-84.5333,91.22,67,40,1.01
309,Grindavik,IS,2021-07-25 20:16:17,63.8424,-22.4338,50.56,87,90,27.63
310,Port Augusta,AU,2021-07-25 20:16:57,-32.5,137.7667,50.7,77,0,9.62
311,Nosivka,UA,2021-07-25 20:17:22,50.9315,31.5828,64.63,85,53,3.94
312,Gobabis,NA,2021-07-25 20:17:10,-22.45,18.9667,49.39,54,7,11.9
313,Smidovich,RU,2021-07-25 20:17:22,48.6,133.8167,69.94,86,100,5.86
314,Garowe,SO,2021-07-25 20:17:23,8.4054,48.4845,78.71,47,39,21.0
315,Bogorodskoye,RU,2021-07-25 20:17:23,56.55,37.8833,66.78,57,92,2.98
316,Hambantota,LK,2021-07-25 20:14:15,6.1241,81.1185,79.92,79,99,17.69
317,Saskylakh,RU,2021-07-25 20:16:43,71.9167,114.0833,55.15,68,85,13.8
318,Chumikan,RU,2021-07-25 20:17:24,54.7183,135.315,63.05,89,10,12.71
319,Akcakoca,TR,2021-07-25 20:17:24,41.0866,31.1162,71.67,86,27,6.26
320,Pahrump,US,2021-07-25 20:17:25,36.2083,-115.9839,98.83,24,98,4.0
321,Maniitsoq,GL,2021-07-25 20:14:58,65.4167,-52.9,45.93,73,100,8.79
322,Huesca,ES,2021-07-25 20:17:26,42.1362,-0.4087,75.74,49,0,5.01
323,Virginia Beach,US,2021-07-25 20:17:26,36.8529,-75.978,91.02,58,40,14.97
324,Bandar-E Lengeh,IR,2021-07-25 20:17:27,26.5579,54.8807,93.74,59,23,7.31
325,Bien Hoa,VN,2021-07-25 20:17:27,10.95,106.8167,78.78,92,100,4.99
326,Lompoc,US,2021-07-25 20:17:28,34.6391,-120.4579,86.77,66,99,5.99
327,Doka,SD,2021-07-25 20:17:28,13.5167,35.7667,72.88,88,100,5.48
328,Santo Antonio Do Taua,BR,2021-07-25 20:17:29,-1.1519,-48.1294,89.55,54,85,4.54
329,Suez,EG,2021-07-25 20:17:29,29.9737,32.5263,79.48,72,0,13.69
330,Ambovombe,MG,2021-07-25 20:17:30,-25.1667,46.0833,63.57,66,33,14.92
331,Mayumba,GA,2021-07-25 20:17:30,-3.432,10.6554,71.01,91,82,4.97
332,Sola,VU,2021-07-25 20:17:30,-13.8833,167.55,79.88,80,55,9.82
333,Huescar,ES,2021-07-25 20:17:31,37.811,-2.5412,80.11,30,5,6.55
334,Toumodi,CI,2021-07-25 20:17:31,6.5613,-5.0158,78.46,88,73,5.53
335,Flinders,AU,2021-07-25 20:17:32,-34.5833,150.8552,55.26,66,0,4.0
336,Kabinda,CD,2021-07-25 20:17:32,-6.1333,24.4833,70.65,35,78,6.2
337,Zhigalovo,RU,2021-07-25 20:17:33,54.8097,105.1578,58.05,74,95,2.53
338,Kamenka,RU,2021-07-25 20:17:33,51.3223,42.7678,61.57,55,13,6.62
339,Milosesti,RO,2021-07-25 20:17:33,44.7333,27.2333,68.58,63,0,7.76
340,Portland,US,2021-07-25 20:17:34,45.5234,-122.6762,88.97,47,1,1.99
341,Leh,IN,2021-07-25 20:17:34,34.1667,77.5833,72.48,42,98,7.0
342,Kirakira,SB,2021-07-25 20:17:35,-10.4544,161.9205,78.89,82,86,8.12
343,Ahipara,NZ,2021-07-25 20:16:17,-35.1667,173.1667,57.36,91,14,10.92
344,Verkhnyaya Inta,RU,2021-07-25 20:17:35,65.9811,60.3094,47.48,94,100,12.39
345,Mawlamyine,MM,2021-07-25 20:17:36,16.4914,97.6256,76.84,92,100,15.68
346,Mehamn,NO,2021-07-25 20:17:36,71.0357,27.8492,46.58,81,75,11.5
347,Padang,ID,2021-07-25 20:17:37,-0.9492,100.3543,77.56,86,33,3.38
348,Longhua,CN,2021-07-25 20:17:22,23.6137,114.1919,82.13,82,99,1.41
349,Saint-Philippe,RE,2021-07-25 20:16:10,-21.3585,55.7679,69.35,77,36,11.92
350,Lavrentiya,RU,2021-07-25 20:17:37,65.5833,-171.0,44.42,99,100,3.76
351,Ruteng,ID,2021-07-25 20:16:58,-8.6136,120.4721,56.25,52,30,1.14
352,Calvinia,ZA,2021-07-25 20:17:38,-31.4707,19.776,51.62,36,92,10.78
353,Roald,NO,2021-07-25 20:17:38,62.5833,6.1333,69.01,82,0,13.8
354,Hokitika,NZ,2021-07-25 20:17:39,-42.7167,170.9667,49.48,92,100,8.84
355,Alice Springs,AU,2021-07-25 20:17:39,-23.7,133.8833,53.15,37,40,6.91
356,Ouadda,CF,2021-07-25 20:17:40,8.0777,22.4007,68.68,97,100,3.78
357,Kishi,NG,2021-07-25 20:17:40,9.0833,3.85,75.83,74,100,4.38
358,Tiksi,RU,2021-07-25 20:17:40,71.6872,128.8694,48.25,81,100,6.38
359,San Matias,BO,2021-07-25 20:17:41,-16.3667,-58.4,99.32,17,0,8.41
360,Karratha,AU,2021-07-25 20:14:31,-20.7377,116.8463,69.03,48,55,5.95
361,Morgan City,US,2021-07-25 20:17:42,29.6994,-91.2068,96.01,74,1,4.61
362,Waslala,NI,2021-07-25 20:17:42,13.2333,-85.3833,93.54,48,100,5.57
363,Nikolskoye,RU,2021-07-25 20:17:43,59.7035,30.7861,67.89,70,24,2.53
364,Slave Lake,CA,2021-07-25 20:15:06,55.2834,-114.769,70.66,37,80,8.9
365,Phonhong,LA,2021-07-25 20:14:20,18.5007,102.4166,74.75,97,100,3.94
366,Dongsheng,CN,2021-07-25 20:17:43,39.8161,109.9776,69.58,75,100,12.06
367,Nome,US,2021-07-25 20:15:06,64.5011,-165.4064,50.16,87,90,8.05
368,Jhang,PK,2021-07-25 20:14:54,33.6748,72.6963,88.61,51,3,15.12
369,Alyangula,AU,2021-07-25 20:17:44,-13.8483,136.4192,69.69,73,89,10.83
370,Tyukalinsk,RU,2021-07-25 20:17:44,55.8732,72.1967,55.04,90,52,14.76
371,Honningsvag,NO,2021-07-25 20:13:38,70.9821,25.9704,46.15,81,75,11.5
372,Mogadishu,SO,2021-07-25 20:14:57,2.0371,45.3438,76.55,77,91,20.45
373,Laguna,US,2021-07-25 20:17:14,38.421,-121.4238,104.25,33,1,3.0
374,Jurm,AF,2021-07-25 20:17:45,36.8648,70.8342,72.59,33,0,2.04
375,Lhokseumawe,ID,2021-07-25 20:17:46,5.1801,97.1507,79.92,84,92,2.68
376,Contepec,MX,2021-07-25 20:17:46,20.0167,-100.1167,68.74,52,15,10.4
377,Kanchanaburi,TH,2021-07-25 20:17:47,14.6333,99.1,75.11,89,100,10.71
378,Ossora,RU,2021-07-25 20:17:22,59.2353,163.0719,58.01,94,100,2.73
379,Selizharovo,RU,2021-07-25 20:17:47,56.8519,33.4487,62.19,63,96,1.95
380,Loiza,PR,2021-07-25 20:17:48,18.4313,-65.8802,84.87,94,75,4.61
381,Koungou,YT,2021-07-25 20:17:48,-12.7336,45.2042,76.71,69,0,11.5
382,Champerico,GT,2021-07-25 20:17:48,14.3,-91.9167,93.74,71,39,7.9
383,Geraldton,AU,2021-07-25 20:17:49,-28.7667,114.6,46.81,93,0,12.66
384,Hobyo,SO,2021-07-25 20:13:35,5.3505,48.5268,76.66,75,29,24.96
385,Datong,CN,2021-07-25 20:16:39,40.0936,113.2914,69.26,84,100,8.37
386,Yaan,NG,2021-07-25 20:17:50,7.3833,8.5667,72.39,91,100,4.7
387,Rawah,IQ,2021-07-25 20:17:50,34.4816,41.9093,97.21,19,0,10.4
388,Helong,CN,2021-07-25 20:17:51,42.5397,128.9972,68.74,98,100,1.9
389,Twin Falls,US,2021-07-25 20:17:51,42.3505,-114.6445,86.34,22,1,9.22
390,Gikongoro,RW,2021-07-25 20:17:51,-2.464,29.5739,62.8,55,97,2.98
391,Russell,US,2021-07-25 20:17:52,32.3502,-85.1999,93.38,36,88,1.39
392,Kitgum,UG,2021-07-25 20:17:52,3.2783,32.8867,68.0,74,98,3.67
393,Nanortalik,GL,2021-07-25 20:17:53,60.1432,-45.2371,45.12,73,100,13.76
394,Ascoli Piceno,IT,2021-07-25 20:17:53,42.8548,13.5749,84.24,62,100,8.1
395,Tromso,NO,2021-07-25 20:17:53,69.6496,18.957,56.05,93,75,4.61
396,Brewster,US,2021-07-25 20:17:54,41.3973,-73.6171,83.97,81,75,1.01
397,Bonthe,SL,2021-07-25 20:17:31,7.5264,-12.505,76.95,80,100,7.25
398,Haines Junction,CA,2021-07-25 20:14:28,60.7522,-137.5108,56.68,60,98,4.34
399,Mayo,US,2021-07-25 20:16:18,38.8876,-76.5119,93.36,69,1,5.99
400,Dukhovshchina,RU,2021-07-25 20:17:55,55.1919,32.4111,59.9,77,0,4.36
401,Lorengau,PG,2021-07-25 20:13:56,-2.0226,147.2712,78.66,83,100,8.66
402,Hasaki,JP,2021-07-25 20:13:55,35.7333,140.8333,75.6,79,10,15.75
403,Shangrao,CN,2021-07-25 20:17:56,28.4532,117.9686,75.65,95,99,9.71
404,Umm Bab,QA,2021-07-25 20:17:56,25.2142,50.8072,94.32,62,0,3.09
405,Beidao,CN,2021-07-25 20:17:56,34.5686,105.8933,70.07,90,100,3.04
406,Vardo,NO,2021-07-25 20:17:57,70.3705,31.1107,46.6,93,75,16.11
407,Yatou,CN,2021-07-25 20:17:57,37.15,122.3833,75.79,89,79,5.57
408,Kidal,ML,2021-07-25 20:17:58,18.4411,1.4078,89.71,38,95,4.97
409,America Dourada,BR,2021-07-25 20:17:58,-11.4553,-41.4361,73.17,48,57,10.67
410,Ponca City,US,2021-07-25 20:16:07,36.707,-97.0856,98.42,44,1,9.22
411,Cayenne,GF,2021-07-25 20:16:56,4.9333,-52.3333,78.84,90,0,2.3
412,Urumqi,CN,2021-07-25 20:17:59,43.801,87.6005,77.95,28,0,6.71
413,Pskov,RU,2021-07-25 20:17:59,57.8136,28.3496,57.11,100,0,0.0
414,Parabel,RU,2021-07-25 20:18:00,58.6978,81.4825,61.9,80,9,2.66
415,Chipinge,ZW,2021-07-25 20:18:00,-20.1883,32.6236,47.34,63,63,3.85
416,Berlevag,NO,2021-07-25 20:18:01,70.8578,29.0864,46.4,87,75,19.57
417,Xinqing,CN,2021-07-25 20:18:01,48.2333,129.5,67.48,99,100,5.66
418,Pailon,BO,2021-07-25 20:18:02,-17.65,-62.75,88.7,21,0,15.39
419,Yining,CN,2021-07-25 20:18:02,29.0361,114.5636,74.91,91,6,2.53
420,Batemans Bay,AU,2021-07-25 20:18:02,-35.7167,150.1833,52.2,62,4,8.28
421,Progreso,MX,2021-07-25 20:18:03,21.2833,-89.6667,94.1,64,94,9.75
422,Afyonkarahisar,TR,2021-07-25 20:18:03,38.75,30.6667,62.83,63,98,6.26
423,Arteaga,MX,2021-07-25 20:18:04,18.4667,-102.4167,79.99,62,28,2.98
424,Brownsville,US,2021-07-25 20:17:00,25.9018,-97.4975,93.88,61,1,7.0
425,Bardiyah,LY,2021-07-25 20:18:04,31.7561,25.0865,77.9,63,0,8.48
426,Abatskoye,RU,2021-07-25 20:18:05,56.2875,70.4555,54.09,87,2,9.95
427,Yagodnoye,RU,2021-07-25 20:18:05,62.55,149.6667,54.84,99,100,2.46
428,Sheregesh,RU,2021-07-25 20:18:05,52.9209,87.9869,58.23,96,92,2.82
429,Yenangyaung,MM,2021-07-25 20:18:06,20.4667,94.8833,80.67,76,100,8.77
430,Aksu,CN,2021-07-25 20:18:06,41.1231,80.2644,85.26,26,0,2.8
431,Kargasok,RU,2021-07-25 20:18:07,59.0556,80.8572,63.0,81,94,2.51
432,Saint-Georges,GD,2021-07-25 20:17:59,12.0564,-61.7485,83.88,84,20,13.8
433,Saryozek,KZ,2021-07-25 20:18:07,44.3583,77.9753,71.42,27,0,2.93
434,Bridgewater,CA,2021-07-25 20:13:45,44.3835,-64.5155,73.67,46,100,10.54
435,Saint Cloud,US,2021-07-25 20:18:08,45.5608,-94.1625,92.88,25,1,8.05
436,Garachine,PA,2021-07-25 20:18:08,8.0647,-78.3628,77.41,87,100,10.25
437,Moron,AR,2021-07-25 20:18:09,-34.6534,-58.6198,58.75,97,96,5.01
438,Kralendijk,BQ,2021-07-25 20:18:09,12.15,-68.2667,85.98,70,100,11.5
439,Vinh,VN,2021-07-25 20:13:32,18.6667,105.6667,77.45,90,100,6.13
440,Lakes Entrance,AU,2021-07-25 20:18:10,-37.8811,147.981,48.18,60,100,13.53
441,Jibuti,DJ,2021-07-25 20:18:11,11.5,42.5,80.04,60,12,5.1
442,Sturgis,US,2021-07-25 20:18:11,41.7992,-85.4192,86.95,45,40,6.91
443,Sioux Lookout,CA,2021-07-25 20:18:11,50.1001,-91.917,79.18,38,75,17.27
444,Tautira,PF,2021-07-25 20:17:45,-17.7333,-149.15,82.42,69,0,10.42
445,Mahon,ES,2021-07-25 20:18:12,39.8885,4.2658,75.76,73,0,11.5
446,Port Hardy,CA,2021-07-25 20:14:25,50.6996,-127.4199,61.36,78,32,2.93
447,Svit,SK,2021-07-25 20:18:13,49.0601,20.2069,62.19,91,75,3.44
448,Pontian Kecil,MY,2021-07-25 20:18:13,1.4801,103.3899,82.53,81,43,5.84
449,Banda Aceh,ID,2021-07-25 20:18:13,5.5577,95.3222,79.75,83,98,6.8
450,Samoded,RU,2021-07-25 20:18:14,63.6083,40.5111,50.16,93,57,2.66
451,Khatanga,RU,2021-07-25 20:18:14,71.9667,102.5,48.83,87,43,6.46
452,Nyagan,RU,2021-07-25 20:18:15,62.1406,65.3936,45.61,84,0,4.45
453,Tiznit,MA,2021-07-25 20:18:15,29.5833,-9.5,80.24,36,0,4.09
454,Touros,BR,2021-07-25 20:18:16,-5.1989,-35.4608,79.7,73,7,14.94
455,Kolyshley,RU,2021-07-25 20:18:16,52.7005,44.5367,58.48,65,13,1.86
456,Diamantino,BR,2021-07-25 20:18:16,-14.4086,-56.4461,94.6,21,5,6.58
457,Malaryta,BY,2021-07-25 20:18:17,51.7905,24.074,67.19,66,98,7.87
458,Zyryanka,RU,2021-07-25 20:18:17,65.75,150.85,45.64,72,100,16.6
459,Ancud,CL,2021-07-25 20:18:18,-41.8697,-73.8203,47.73,60,33,10.54
460,Pisco,PE,2021-07-25 20:18:18,-13.7,-76.2167,66.25,72,0,9.22
461,Springbok,ZA,2021-07-25 20:18:18,-29.6643,17.8865,54.73,29,100,10.92
462,Olden,NO,2021-07-25 20:18:19,61.8364,6.8064,73.17,77,65,5.91
463,Broome,US,2021-07-25 20:18:19,42.2506,-75.833,85.69,64,40,1.99
464,Sayat,TM,2021-07-25 20:18:20,38.7839,63.8803,93.07,13,0,22.88
465,Nyrob,RU,2021-07-25 20:18:20,60.733,56.7202,51.93,66,89,4.9
466,Hualmay,PE,2021-07-25 20:18:20,-11.0964,-77.6139,67.44,73,21,9.26
467,Zhanakorgan,KZ,2021-07-25 20:18:21,43.9098,67.2495,89.87,23,0,10.56
468,Galveston,US,2021-07-25 20:18:21,29.3669,-94.9669,99.19,65,57,1.99
469,Vysokogornyy,RU,2021-07-25 20:18:22,50.1167,139.15,68.9,90,100,3.51
470,Abha,SA,2021-07-25 20:14:12,18.2164,42.5053,64.65,94,100,2.3
471,Narsaq,GL,2021-07-25 20:18:23,60.9167,-46.05,59.22,53,42,4.36
472,Tessalit,ML,2021-07-25 20:16:58,20.1986,1.0114,90.59,34,99,18.57
473,Beloha,MG,2021-07-25 20:18:23,-25.1667,45.05,62.35,67,61,11.34
474,Northam,GB,2021-07-25 20:18:24,51.0333,-4.2167,67.62,88,47,5.32
475,Olinda,BR,2021-07-25 20:17:48,-8.0089,-34.8553,73.13,83,75,0.0
476,Kibala,TD,2021-07-25 20:18:25,9.1104,18.3463,75.15,88,40,0.0
477,Aklavik,CA,2021-07-25 20:18:25,68.2191,-135.0107,54.43,67,100,19.15
478,Hanyang,CN,2021-07-25 20:18:26,32.1371,105.5126,69.67,93,0,3.38
479,Nantucket,US,2021-07-25 20:13:40,41.2835,-70.0995,71.74,84,90,13.8
480,Jacmel,HT,2021-07-25 20:18:26,18.2342,-72.5347,78.64,71,100,7.05
481,Pokhara,NP,2021-07-25 20:18:27,28.2333,83.9833,73.42,94,100,2.93
482,Rio Grande,BR,2021-07-25 20:14:42,-32.035,-52.0986,69.94,82,22,7.87
483,Fujin,CN,2021-07-25 20:18:27,47.26,132.0322,70.27,81,99,6.67
484,Barranca,PE,2021-07-25 20:18:27,-10.75,-77.7667,67.84,69,33,8.59
485,Huarmey,PE,2021-07-25 20:18:28,-10.0681,-78.1522,68.94,73,14,7.05
486,Talnakh,RU,2021-07-25 20:17:29,69.4865,88.3972,55.8,93,100,4.88
487,Santo Tomas,PH,2021-07-25 20:18:28,14.1079,121.1414,80.58,83,100,10.87
488,Kaitong,CN,2021-07-25 20:17:01,44.8135,123.15,72.97,97,100,6.22
489,Florianopolis,BR,2021-07-25 20:18:29,-27.6146,-48.5012,73.4,73,0,1.01
490,San Jose,US,2021-07-25 20:15:16,37.3394,-121.895,95.27,49,40,3.44
491,Esperance,AU,2021-07-25 20:18:30,-33.8667,121.9,52.84,86,2,17.6
492,Raton,US,2021-07-25 20:18:06,36.9034,-104.4391,84.06,40,20,5.99
493,Araouane,ML,2021-07-25 20:18:31,18.9048,-3.5265,101.43,23,28,2.98
494,San Cristobal,VE,2021-07-25 20:13:50,7.7669,-72.225,80.78,52,100,4.43
495,Faya,SA,2021-07-25 20:14:53,18.3851,42.4509,64.92,78,100,4.76
496,Canguaretama,BR,2021-07-25 20:18:32,-6.38,-35.1289,81.09,75,8,12.91
497,Las Cruces,US,2021-07-25 20:14:24,32.3123,-106.7783,89.38,38,75,3.0
498,Moree,AU,2021-07-25 20:18:32,-29.4667,149.85,37.42,87,3,4.61
499,Mabaruma,GY,2021-07-25 20:18:33,8.2,-59.7833,73.78,98,100,2.44
500,Petropavlovsk-Kamchatskiy,RU,2021-07-25 20:18:33,53.0452,158.6483,59.59,100,20,4.47
501,Altagracia De Orituco,VE,2021-07-25 20:18:33,9.8601,-66.3814,75.76,88,100,3.11
502,Waingapu,ID,2021-07-25 20:18:34,-9.6567,120.2641,71.28,72,7,3.31
503,Inuvik,CA,2021-07-25 20:18:34,68.3499,-133.7218,54.46,87,90,10.36
504,Vila Do Maio,CV,2021-07-25 20:15:25,15.1333,-23.2167,77.79,71,25,10.42
505,Port-Gentil,GA,2021-07-25 20:18:35,-0.7193,8.7815,75.83,79,97,9.55
506,Kirkuk,IQ,2021-07-25 20:18:35,35.4681,44.3922,99.79,16,0,7.16
507,Juneau,US,2021-07-25 20:18:36,58.3019,-134.4197,60.84,86,75,5.75
508,Bratsk,RU,2021-07-25 20:13:59,56.1325,101.6142,68.49,73,99,3.94
509,Sinegorye,RU,2021-07-25 20:18:36,62.0788,150.477,56.08,95,100,2.73
510,Omboue,GA,2021-07-25 20:17:00,-1.5746,9.2618,73.56,81,97,6.62
511,Rawson,AR,2021-07-25 20:18:37,-43.3002,-65.1023,51.44,38,25,18.88
512,Palauig,PH,2021-07-25 20:18:37,15.435,119.9045,81.57,87,100,14.29
513,Kon Tum,VN,2021-07-25 20:18:38,14.35,108.0,70.03,95,100,5.12
514,Mwandiga,TZ,2021-07-25 20:18:38,-4.83,29.6581,71.56,66,13,7.54
515,Mahibadhoo,MV,2021-07-25 20:18:39,3.7833,72.9667,82.02,79,100,19.04
516,Tekeli,KZ,2021-07-25 20:18:39,44.83,78.8239,67.03,30,1,7.54
517,Mayahi,NE,2021-07-25 20:18:40,13.9553,7.6712,86.95,53,78,12.26
518,Voyvozh,RU,2021-07-25 20:18:40,62.892,54.9635,46.24,88,46,5.23
519,Burias,PH,2021-07-25 20:18:40,11.4463,122.5497,75.04,89,97,4.23
520,Am Timan,TD,2021-07-25 20:18:41,11.0297,20.2827,73.89,81,100,4.74
521,Sisophon,KH,2021-07-25 20:18:41,13.5859,102.9737,75.92,87,100,13.11
522,Aitape,PG,2021-07-25 20:18:42,-3.1374,142.3475,75.45,84,100,3.71
523,Oussouye,SN,2021-07-25 20:18:42,12.485,-16.5469,78.98,83,100,2.55
524,Jacareacanga,BR,2021-07-25 20:18:43,-6.2222,-57.7528,98.02,23,42,3.8
525,Weihe,CN,2021-07-25 20:18:43,32.9952,105.3247,66.04,95,52,3.83
526,Putina,PE,2021-07-25 20:18:43,-15.4667,-69.4333,49.82,47,32,7.23
527,Bushehr,IR,2021-07-25 20:18:44,28.9684,50.8385,91.49,70,4,4.61
528,Kahului,US,2021-07-25 20:17:45,20.8947,-156.47,84.22,83,40,20.71
529,Camacha,PT,2021-07-25 20:17:54,33.0833,-16.3333,75.52,88,40,13.8
530,Banjar,ID,2021-07-25 20:18:45,-8.19,114.9675,73.26,76,16,3.4
531,Nemuro,JP,2021-07-25 20:18:45,43.3236,145.575,61.74,92,0,4.88
532,Caruray,PH,2021-07-25 20:18:45,10.3094,119.0128,80.56,82,100,10.96
533,Ixtapa,MX,2021-07-25 20:18:46,20.7,-105.2,90.23,66,1,13.8
534,Martapura,ID,2021-07-25 20:18:46,-3.4167,114.85,71.69,100,3,2.3
535,Matay,EG,2021-07-25 20:18:47,28.419,30.7792,86.09,35,0,11.74
536,Salinopolis,BR,2021-07-25 20:17:11,-0.6136,-47.3561,82.47,73,92,10.51
537,Jalingo,NG,2021-07-25 20:17:05,8.8833,11.3667,73.98,91,96,5.66
538,Solnechnyy,RU,2021-07-25 20:18:48,50.7214,136.6319,72.41,76,100,1.99
539,Niquelandia,BR,2021-07-25 20:18:48,-14.4739,-48.4597,86.27,21,0,5.39
540,Upata,VE,2021-07-25 20:18:48,8.0086,-62.3989,77.09,93,100,3.62
541,Bose,IT,2021-07-25 20:18:49,45.4612,8.0137,69.73,92,100,5.5
542,Coos Bay,US,2021-07-25 20:14:55,43.3665,-124.2179,90.86,78,20,26.46
543,Antigonish,CA,2021-07-25 20:18:49,45.6169,-61.9986,75.27,72,92,1.99
544,Turangi,NZ,2021-07-25 20:18:50,-39.0,175.9333,47.43,95,100,11.18
545,Xining,CN,2021-07-25 20:18:50,36.6167,101.7667,56.01,88,100,3.31
546,Caucaia,BR,2021-07-25 20:18:51,-3.7361,-38.6531,82.35,72,0,13.8
547,Black River,JM,2021-07-25 20:18:51,18.0264,-77.8487,87.98,68,83,3.58
548,Bilma,NE,2021-07-25 20:16:20,18.6853,12.9164,86.67,50,94,19.24
549,Koslan,RU,2021-07-25 20:16:35,63.4564,48.8989,49.46,98,95,4.14
550,Arak,IR,2021-07-25 20:18:52,34.0917,49.6892,84.83,15,86,7.09
551,Sokoni,TZ,2021-07-25 20:18:52,-6.4333,39.55,76.05,75,0,21.43
552,Mayskiy,RU,2021-07-25 20:18:53,47.6931,40.1025,78.44,47,2,7.78
553,Broken Hill,AU,2021-07-25 20:18:50,-31.95,141.4333,46.96,81,3,11.36
554,Ankang,CN,2021-07-25 20:18:53,32.68,109.0172,72.66,88,0,1.12
555,Nkhata Bay,MW,2021-07-25 20:18:54,-11.6066,34.2907,66.65,62,65,11.61
556,Isangel,VU,2021-07-25 20:18:54,-19.55,169.2667,75.0,87,100,12.8
557,Sorland,NO,2021-07-25 20:16:15,67.667,12.6934,51.87,84,98,6.38
558,Ugoofaaru,MV,2021-07-25 20:18:55,5.6667,73.0,82.04,77,99,17.67
559,Boysun,UZ,2021-07-25 20:18:55,38.2061,67.1986,83.39,19,0,5.48
560,Notre-Dame-Du-Lac,CA,2021-07-25 20:18:56,47.6136,-68.7964,63.84,98,100,9.93
561,Abrau-Dyurso,RU,2021-07-25 20:18:56,44.69,37.59,74.66,57,0,10.31
562,San Andres,CO,2021-07-25 20:18:56,12.5847,-81.7006,86.02,74,20,11.5
563,Coquimbo,CL,2021-07-25 20:17:16,-29.9533,-71.3436,58.73,67,0,12.66
564,Bluffton,US,2021-07-25 20:18:57,32.2371,-80.8604,91.02,72,1,4.61
565,Kenora,CA,2021-07-25 20:18:57,49.8167,-94.4337,79.77,34,40,16.11
566,Rzhyshchiv,UA,2021-07-25 20:18:58,49.9689,31.0463,75.11,65,93,5.64
567,Havoysund,NO,2021-07-25 20:18:58,70.9963,24.6622,47.28,74,100,7.45
568,Husavik,IS,2021-07-25 20:15:13,66.0449,-17.3389,57.16,64,100,6.26
569,Poum,NC,2021-07-25 20:17:42,-20.2333,164.0167,72.32,78,1,17.25
570,Lashio,MM,2021-07-25 20:18:59,22.9333,97.75,67.62,99,99,0.6
571,Rio Gallegos,AR,2021-07-25 20:16:13,-51.6226,-69.2181,39.25,65,40,20.71
572,Necochea,AR,2021-07-25 20:19:00,-38.5473,-58.7368,49.03,83,100,18.01
